<?xml version="1.0" encoding="UTF-8"?>
<project-private xmlns="http://www.netbeans.org/ns/project-private/1">
    <editor-bookmarks xmlns="http://www.netbeans.org/ns/editor-bookmarks/2" lastBookmarkId="0"/>
    <open-files xmlns="http://www.netbeans.org/ns/projectui-open-files/2">
        <group>
            <file>file:/F:/study%20Canada/2nd%20sem/Java2/week11/FinalProject/src/finalproject/RecordList.java</file>
            <file>file:/F:/study%20Canada/2nd%20sem/Java2/week11/FinalProject/src/finalproject/GUI.java</file>
            <file>file:/F:/study%20Canada/2nd%20sem/Java2/week11/FinalProject/src/finalproject/Filing.java</file>
            <file>file:/F:/study%20Canada/2nd%20sem/Java2/week11/FinalProject/src/finalproject/Record.java</file>
        </group>
    </open-files>
</project-private>
